{"90": [27.347679615020752, 27.236687898635864, 27.224947452545166, 27.138439178466797, 27.239339351654053], "50": [24.21577739715576, 24.398537397384644, 24.239699125289917, 24.338208436965942, 24.31785297393799], "10": [21.198978424072266, 21.07914686203003, 21.215330839157104, 21.239243745803833, 21.159119844436646], "1": [19.13707685470581, 19.204321146011353, 19.196504592895508, 19.21819305419922, 19.132951259613037]}