{"90": [38.53352355957031, 38.49992656707764, 38.77363991737366, 38.456652879714966, 38.71262764930725], "50": [29.12988805770874, 29.107601404190063, 29.34435224533081, 29.129053831100464, 28.92795491218567], "10": [20.617851734161377, 20.710315704345703, 20.60076117515564, 20.592776775360107, 20.710542678833008], "1": [18.760634183883667, 18.841742277145386, 18.55042862892151, 18.520947456359863, 18.654691696166992]}