{"90": [52.89187502861023, 52.97762179374695, 53.455424308776855, 53.835455894470215, 53.27429676055908], "50": [41.054882526397705, 42.10846018791199, 41.30158090591431, 40.996174573898315, 40.880518674850464], "10": [30.080179691314697, 29.69544768333435, 29.78579044342041, 29.911840438842773, 29.816535234451294], "1": [27.30530285835266, 27.251065731048584, 27.393097639083862, 27.359009504318237, 27.34314489364624]}