{"90": [33.055286169052124, 33.22637629508972, 33.221301555633545, 32.92796540260315, 32.92811346054077], "50": [25.037693738937378, 24.932562589645386, 24.98461604118347, 25.21809983253479, 25.1898410320282], "10": [17.95325493812561, 17.724482536315918, 17.857597827911377, 17.75218176841736, 17.625803470611572], "1": [16.146922826766968, 16.06290602684021, 15.961044311523438, 16.010438919067383, 15.995849609375]}