{"90": [23.332818746566772, 23.337351083755493, 23.198190689086914, 23.11551547050476, 23.32304358482361], "50": [16.00801396369934, 16.084792852401733, 15.996779680252075, 15.946495771408081, 16.06007194519043], "10": [10.67696213722229, 10.718014240264893, 10.664125442504883, 10.627812385559082, 10.735664367675781], "1": [9.362110614776611, 9.396329402923584, 9.305250406265259, 9.3447585105896, 9.399015665054321]}