{"90": [32.201738595962524, 31.39378261566162, 31.21747660636902, 31.305046319961548, 31.163869380950928], "50": [23.59051275253296, 23.96952176094055, 23.547202825546265, 23.67102360725403, 23.60176157951355], "10": [16.773142337799072, 16.678536653518677, 16.803914308547974, 16.75232768058777, 16.66739058494568], "1": [15.067862033843994, 15.062908411026001, 14.924864530563354, 14.983043193817139, 14.81020736694336]}