{"90": [37.21817326545715, 37.472264528274536, 37.601104974746704, 37.31946897506714, 37.59085536003113], "50": [28.339386463165283, 29.161858558654785, 28.51617932319641, 28.37293529510498, 28.742633819580078], "10": [20.504453659057617, 20.37615203857422, 20.502805948257446, 20.431140899658203, 20.279374837875366], "1": [18.36330223083496, 18.407719135284424, 18.59249448776245, 18.330612897872925, 18.631651878356934]}