{"90": [47.77362847328186, 47.49131751060486, 47.5004768371582, 48.026371717453, 47.545175075531006], "50": [36.7455153465271, 36.90353536605835, 37.01410889625549, 37.04590082168579, 36.84342169761658], "10": [26.594479084014893, 26.781473636627197, 26.706944942474365, 26.736878633499146, 26.56751537322998], "1": [24.45117163658142, 24.431978940963745, 24.464162349700928, 24.584277868270874, 24.52145004272461]}