{"90": [40.9447021484375, 40.38470530509949, 40.10645890235901, 40.39918518066406, 40.193700551986694], "50": [30.784515619277954, 30.52153778076172, 30.877780199050903, 30.849000453948975, 30.615490198135376], "10": [22.124017238616943, 22.163395166397095, 22.37075400352478, 22.20508575439453, 22.393035650253296], "1": [20.261857748031616, 20.011805057525635, 20.233407258987427, 20.09594178199768, 20.181620597839355]}