{"90": [43.75969386100769, 43.704430103302, 43.43108534812927, 43.64015054702759, 43.908151149749756], "50": [33.50542140007019, 33.39030575752258, 33.517773389816284, 33.69071674346924, 33.456846952438354], "10": [24.324744701385498, 24.247150897979736, 24.092100620269775, 24.324397325515747, 24.146971225738525], "1": [21.977585315704346, 22.176254510879517, 21.916509866714478, 22.11415123939514, 21.99775457382202]}