{"90": [35.08412504196167, 35.284284353256226, 35.26320719718933, 34.79963397979736, 34.93333458900452], "50": [26.747196912765503, 26.736108541488647, 26.58925151824951, 26.604945182800293, 26.91889214515686], "10": [19.23614740371704, 18.97804832458496, 19.071396827697754, 19.110260725021362, 19.05857491493225], "1": [17.340659618377686, 17.126476764678955, 17.14035439491272, 17.197749614715576, 17.193198919296265]}