{"90": [40.538079023361206, 40.7253634929657, 40.719343185424805, 40.513179540634155, 40.67237424850464], "50": [30.22586441040039, 30.196555137634277, 30.462541580200195, 30.108782529830933, 30.251671075820923], "10": [20.705767154693604, 20.75024127960205, 20.851091384887695, 20.59533429145813, 20.67204236984253], "1": [18.536170721054077, 18.725494384765625, 18.56818437576294, 18.60356855392456, 18.54892587661743]}