{"90": [61.89906406402588, 57.444098472595215, 57.41121315956116, 57.50510621070862, 57.61585736274719], "50": [51.79197669029236, 51.808704137802124, 52.22764229774475, 51.754842042922974, 51.63842225074768], "10": [45.61660361289978, 45.801942586898804, 45.954357385635376, 45.81093692779541, 45.8782012462616], "1": [42.471935510635376, 42.205554246902466, 42.66164493560791, 42.37868356704712, 42.789236307144165]}