{"90": [44.84396576881409, 45.167012453079224, 45.39519238471985, 44.992143869400024, 45.00032067298889], "50": [24.819462299346924, 24.859930992126465, 24.661800622940063, 24.727246046066284, 24.84932827949524], "10": [15.800143957138062, 15.758947372436523, 15.827006101608276, 15.765187501907349, 15.867400646209717], "1": [14.031250953674316, 14.078742504119873, 14.01173710823059, 14.014989852905273, 14.128803253173828]}