{"90": [45.47027826309204, 44.77367877960205, 45.14506959915161, 44.99532890319824, 45.11418032646179], "50": [24.343132734298706, 24.431371688842773, 24.310290813446045, 24.459518671035767, 24.485903024673462], "10": [14.238135576248169, 14.23256230354309, 14.164059400558472, 14.205405235290527, 14.33095097541809], "1": [12.499014377593994, 12.529423236846924, 12.531315326690674, 12.534433126449585, 12.619264841079712]}