{"90": [45.86977195739746, 45.78370904922485, 45.84778904914856, 45.47196364402771, 45.433852195739746], "50": [26.3994140625, 26.60076880455017, 26.46036386489868, 26.567872285842896, 26.41082787513733], "10": [17.78535270690918, 17.854736804962158, 17.927841186523438, 17.852675437927246, 18.19668197631836], "1": [15.973392963409424, 15.906927585601807, 15.897697448730469, 15.946441888809204, 15.971803665161133]}