{"90": [44.70164895057678, 44.376349449157715, 44.265156984329224, 44.31332755088806, 44.87122893333435], "50": [24.293357133865356, 23.695704460144043, 23.793329000473022, 23.9825758934021, 23.84616494178772], "10": [10.89344072341919, 10.879309177398682, 10.8401620388031, 10.830607891082764, 10.90001654624939], "1": [9.498528003692627, 9.418150186538696, 9.469990253448486, 9.545977592468262, 9.41802716255188]}