{"90": [47.61402440071106, 47.464547634124756, 47.32112002372742, 47.346680879592896, 47.87559247016907], "50": [34.68681812286377, 34.6167848110199, 34.56795024871826, 34.5873908996582, 34.472471952438354], "10": [24.381120920181274, 24.405433177947998, 24.254655361175537, 24.555811882019043, 24.514221668243408], "1": [21.912054300308228, 21.83078646659851, 21.941001653671265, 22.010709762573242, 21.94036102294922]}