{"90": [46.05564594268799, 46.30361604690552, 46.37855839729309, 45.90604114532471, 46.18670606613159], "50": [29.792943954467773, 29.64746642112732, 29.568248748779297, 29.55927348136902, 29.725859880447388], "10": [20.672181844711304, 20.681739330291748, 20.55976963043213, 20.605313301086426, 20.587852001190186], "1": [18.495497465133667, 18.53249979019165, 18.512873649597168, 18.36358094215393, 18.454227209091187]}