{"90": [62.835296869277954, 61.80529022216797, 61.86664843559265, 62.247143030166626, 62.98512935638428], "50": [43.46440148353577, 43.84747338294983, 43.8400673866272, 43.6898627281189, 43.867141246795654], "10": [30.008903741836548, 30.391510248184204, 30.08017921447754, 30.125192165374756, 30.38430643081665], "1": [27.571061372756958, 27.33578372001648, 27.632762908935547, 27.198628902435303, 27.60167407989502]}