{"100": [19.540838956832886, 19.40757966041565, 19.258060455322266, 19.144911527633667, 19.25951385498047], "1": [19.735634088516235, 19.744750261306763, 19.62007737159729, 19.64477229118347, 19.95410919189453]}