{"100": [58.489662170410156, 58.004703521728516, 58.55353355407715, 58.58325743675232, 58.39150357246399], "1": [27.080549478530884, 27.488842010498047, 27.605851888656616, 27.180225133895874, 27.13891077041626]}