{"100": [36.726733446121216, 37.112242221832275, 36.89464616775513, 36.78304076194763, 37.11538052558899], "1": [18.49364686012268, 18.667630434036255, 18.52655577659607, 18.505424737930298, 18.72072196006775]}