{"100": [102.14951395988464, 102.43947792053223, 102.94766616821289, 102.6824848651886, 102.26669549942017], "1": [49.33017063140869, 47.994304895401, 48.985103130340576, 48.1847927570343, 48.48687267303467]}