{"100": [81.23839569091797, 81.78103613853455, 81.99380040168762, 81.21286749839783, 81.8271996974945], "1": [38.452641248703, 37.71615982055664, 38.07887649536133, 37.718465089797974, 37.88912391662598]}