{"100": [46.042134046554565, 45.42131018638611, 45.746124267578125, 45.280521392822266, 45.91259527206421], "1": [22.244144916534424, 22.255481719970703, 21.909735918045044, 22.35056471824646, 22.18923020362854]}