{"100": [68.00511121749878, 67.94749736785889, 67.50615096092224, 67.48804187774658, 67.39745616912842], "1": [31.45625877380371, 31.83564829826355, 31.415895462036133, 31.639465808868408, 31.845126152038574]}