{"100": [51.234341859817505, 50.92731952667236, 51.380104780197144, 51.137266397476196, 51.44679808616638], "1": [24.24680209159851, 24.173616409301758, 23.805193185806274, 24.56792116165161, 24.464052438735962]}