{"100": [101.12245798110962, 102.45060348510742, 102.15035581588745, 101.97734880447388, 101.55353474617004], "1": [48.844971656799316, 48.465826749801636, 47.93100953102112, 48.6966347694397, 49.15458822250366]}